Date,Promo Power,Cost of BZ,Cost of Display,Cost of PLA,Cost of Search,TOT COST,Cost exc BZ,GMV of BZ,GMV of Display,GMV of PLA,GMV of Search,TOT GMV,GMV exc BZ,Cost of BZ EC,Cost of Display EC,Cost of Display NC,Cost of PLA EC,Cost of PLA NC,Cost of Search EC,Cost of Search NC,Cost on EC exc BZ,Cost on NC exc BZ
4/1/2021,0,0,0,5556,4907,10463,10463,0,0,47299,56619,103919,103919,0,0,0,1015,4541,2492,2415,3507,6956
4/2/2021,2,0,0,3742,3957,7699,7699,0,0,29156,50051,79207,79207,0,0,0,640,3103,2475,1482,3115,4585
4/3/2021,2,0,0,7296,6487,13782,13782,0,0,58841,65672,124513,124513,0,0,0,1466,5830,2698,3788,4164,9618
4/4/2021,2,0,0,6829,7571,14400,14400,0,0,49684,67925,117609,117609,0,0,0,1230,5599,2445,5126,3675,10725
4/5/2021,2,0,0,4607,5350,9957,9957,0,0,46122,63622,109744,109744,0,0,0,777,3830,2706,2643,3483,6473
4/6/2021,0,0,0,1774,3602,5376,5376,0,0,22526,44610,67136,67136,0,0,0,270,1504,1788,1814,2058,3318
4/7/2021,2,6767,2880,7228,5251,22126,15359,87347,14401,71074,31222,204043,116696,6767,85,2795,1100,6128,953,4298,2137,13222
4/8/2021,2,5941,2726,7241,5230,21138,15197,88590,13600,98420,29895,230506,141915,5941,59,2667,1163,6078,813,4417,2035,13161
4/9/2021,2,6699,2309,9567,2950,21525,14826,73843,10640,101912,18234,204629,130787,6699,227,2082,1230,8337,972,1978,2429,12397
4/10/2021,2,24,8,6116,5402,11550,11526,989,0,60880,61734,123603,122614,24,1,7,851,5265,3048,2354,3899,7626
4/11/2021,2,0,0,6305,6124,12429,12429,0,0,68797,70487,139284,139284,0,0,0,947,5358,3409,2715,4356,8073
4/12/2021,0,0,0,1623,5004,6627,6627,0,0,16481,57182,73663,73663,0,0,0,254,1368,1561,3443,1816,4811
4/13/2021,0,0,0,2748,3680,6428,6428,0,0,26444,49618,76062,76062,0,0,0,493,2255,1554,2126,2047,4381
4/14/2021,0,0,0,3173,4339,7512,7512,0,0,27912,59140,87052,87052,0,0,0,776,2397,1882,2457,2659,4854
4/15/2021,4,4856,1369,12259,4889,23373,18517,57221,7815,89683,25931,180649,123429,4856,39,1330,2070,10189,1071,3819,3179,15338
4/16/2021,4,6276,1560,14013,5442,27291,21015,101980,15313,122609,33694,273596,171616,6276,133,1427,2037,11976,791,4651,2961,18054
4/17/2021,4,7174,2048,19398,7132,35751,28577,110324,16573,163732,46206,336836,226512,7174,482,1565,2365,17033,834,6298,3682,24896
4/18/2021,4,0,11,17422,9180,26613,26613,0,0,122416,67824,190241,190241,0,5,6,2263,15159,2376,6804,4644,21970
4/19/2021,4,0,0,15655,6816,22472,22472,0,0,108740,61330,170070,170070,0,0,0,2206,13450,2217,4599,4423,18048
4/20/2021,4,7155,0,18935,4729,30819,23664,73126,0,125599,28225,226951,153825,7155,0,0,3335,15600,1145,3585,4480,19185
4/21/2021,4,7908,0,21192,5022,34122,26214,72491,0,178980,20460,271932,199441,7908,0,0,3120,18072,638,4384,3757,22456
4/22/2021,4,8012,0,28303,8727,45042,37029,130965,0,280662,32497,444124,313159,8012,0,0,3996,24307,718,8009,4714,32316
4/23/2021,4,7550,0,18082,5887,31520,23969,152976,0,154847,42647,350469,197493,7550,0,0,2274,15809,728,5159,3001,20968
4/24/2021,4,8155,0,7888,4928,20971,12816,101205,0,59666,24760,185631,84426,8155,0,0,989,6899,612,4316,1601,11214
4/25/2021,4,6608,0,11716,4188,22512,15904,93104,0,85481,20969,199554,106450,6608,0,0,1629,10088,1665,2523,3294,12611
4/26/2021,4,5988,0,14801,6823,27612,21625,80211,0,74141,36467,190819,110608,5988,0,0,2193,12608,2659,4164,4852,16773
4/27/2021,0,40,0,11983,8042,20065,20025,401,0,70624,47790,118814,118413,40,0,0,1865,10118,3855,4187,5720,14305
4/28/2021,0,0,0,10146,6744,16890,16890,0,0,73410,57252,130661,130661,0,0,0,1533,8612,3377,3367,4910,11980
4/29/2021,4,6457,1519,12608,5501,26085,19628,90308,7658,106433,37727,242126,151818,6457,20,1499,1866,10742,2137,3364,4023,15605
4/30/2021,4,6918,2651,15753,7300,32622,25704,145679,19894,115074,55133,335780,190101,6918,4,2647,2357,13396,2041,5259,4403,21302
5/1/2021,4,8079,1567,15609,8240,33495,25416,140210,6244,96207,56740,299401,159191,8079,28,1539,2276,13334,2504,5736,4808,20609
5/2/2021,4,7662,1212,6206,5134,20214,12552,94668,2078,35647,37114,169507,74839,7662,57,1155,1141,5066,2255,2879,3453,9099
5/3/2021,4,6905,1129,4587,4382,17004,10099,90158,4136,23948,21265,139507,49349,6905,33,1097,1088,3499,1473,2909,2594,7505
5/4/2021,4,6663,583,4716,4893,16854,10191,95588,2300,36569,33805,168262,72674,6663,0,583,1045,3671,1409,3484,2454,7738
5/5/2021,4,6763,0,3578,4362,14703,7940,106603,0,24485,35586,166674,60071,6763,0,0,799,2778,1215,3147,2014,5926
5/6/2021,0,58,0,1475,4498,6030,5972,1694,0,8701,36020,46415,44721,58,0,0,185,1289,2692,1806,2878,3095
5/7/2021,3,0,0,4804,5162,9966,9966,0,0,23509,43440,66949,66949,0,0,0,684,4120,2679,2483,3363,6604
5/8/2021,3,0,0,3926,4902,8828,8828,0,0,18479,53281,71760,71760,0,0,0,929,2997,2299,2603,3227,5600
5/9/2021,3,0,0,2350,5573,7924,7924,0,0,21516,55773,77289,77289,0,0,0,572,1779,2524,3049,3096,4828
5/10/2021,0,0,0,2095,3423,5518,5518,0,0,19905,58166,78070,78070,0,0,0,357,1738,1961,1462,2318,3200
5/11/2021,0,0,0,3041,3955,6996,6996,0,0,28803,59604,88407,88407,0,0,0,643,2398,1464,2491,2107,4889
5/12/2021,0,0,0,3002,4718,7720,7720,0,0,34988,71725,106713,106713,0,0,0,622,2380,1458,3260,2079,5641
5/13/2021,0,0,0,2144,5458,7602,7602,0,0,22515,76508,99023,99023,0,0,0,448,1696,1931,3527,2379,5223
5/14/2021,0,0,0,1942,5183,7124,7124,0,0,21580,72614,94194,94194,0,0,0,300,1642,1935,3247,2235,4889
5/15/2021,0,0,0,2896,5709,8605,8605,0,0,26214,85468,111682,111682,0,0,0,566,2330,2231,3478,2797,5807
5/16/2021,3,8572,1509,9573,6980,26633,18061,135789,12140,91633,74161,313723,177934,8572,2,1506,1489,8085,2450,4529,3941,14120
5/17/2021,3,6764,1313,7488,5532,21097,14333,127534,8891,135180,58350,329955,202421,6764,25,1289,935,6553,1434,4098,2393,11940
5/18/2021,3,7996,1579,10084,5592,25251,17255,151477,7222,105635,52779,317113,165635,7996,46,1534,1489,8595,899,4693,2434,14821
5/19/2021,3,6809,8,6863,4062,17741,10932,93249,0,55122,32492,180864,87614,6809,0,8,987,5876,838,3223,1825,9108
5/20/2021,3,4716,0,3767,4308,12791,8075,94796,0,37543,36768,169107,74311,4716,0,0,563,3204,1110,3197,1673,6402
5/21/2021,0,4032,0,2440,4026,10498,6466,43141,0,13171,24106,80417,37277,4032,0,0,368,2072,1287,2739,1655,4811
5/22/2021,0,3992,0,3650,4862,12504,8512,61943,0,19872,44384,126200,64256,3992,0,0,563,3086,1703,3159,2266,6246
5/23/2021,0,3998,0,5112,3987,13096,9099,65451,0,39441,42430,147322,81871,3998,0,0,826,4286,2025,1962,2851,6248
5/24/2021,0,3991,0,3167,3137,10295,6304,60145,0,19037,35754,114935,54791,3991,0,0,615,2552,1812,1324,2427,3876
5/25/2021,0,3990,0,2754,2131,8875,4885,56401,0,25628,26586,108616,52215,3990,0,0,439,2315,1156,975,1596,3290
5/26/2021,0,3495,0,3186,4496,11177,7682,48058,0,24829,32355,105242,57185,3495,0,0,512,2674,1742,2754,2254,5428
5/27/2021,5,5717,3088,5859,4397,19061,13345,70665,15746,35858,24081,146350,75684,5717,35,3054,868,4991,1174,3223,2077,11268
5/28/2021,5,7001,2339,9256,6571,25167,18166,95808,8846,59200,30176,194029,98222,7001,19,2320,1155,8101,751,5820,1926,16240
5/29/2021,5,9262,2260,17882,9381,38785,29523,131331,10256,123032,52803,317422,186091,9262,69,2191,3103,14779,1328,8053,4500,25023
5/30/2021,5,8254,3312,22606,11978,46149,37896,146755,15557,165358,58772,386442,239688,8254,0,3312,4369,18236,2305,9673,6674,31221
5/31/2021,5,10658,4194,38133,14398,67384,56725,237840,20329,319138,84982,662289,424449,10658,12,4182,9133,29001,3109,11289,12254,44471
6/1/2021,5,10125,2893,22833,9720,45571,35446,223351,10668,143349,88339,465707,242356,10125,19,2874,5449,17384,2201,7520,7669,27777
6/2/2021,5,7144,1423,7563,7054,23184,16040,100779,2969,54956,36490,195194,94415,7144,12,1412,1843,5720,1760,5294,3615,12426
6/3/2021,5,5546,536,4526,5280,15888,10343,88944,2897,34652,44588,171080,82137,5546,0,536,1069,3457,1865,3415,2934,7409
6/4/2021,0,3851,200,3058,3248,10357,6507,43737,0,29293,22843,95873,52135,3851,0,200,726,2333,1084,2164,1810,4697
6/5/2021,0,3988,492,2572,3092,10144,6155,58213,1515,18645,32163,110536,52323,3988,0,492,583,1989,1509,1583,2092,4063
6/6/2021,0,3994,533,2666,3157,10350,6356,54290,2537,25828,46812,129467,75176,3994,0,533,710,1956,1612,1545,2322,4034
6/7/2021,5,3986,1267,5522,5980,16754,12768,86508,8207,53414,58858,206987,120479,3986,0,1267,1310,4212,1504,4476,2814,9954
6/8/2021,5,3985,1190,4212,4610,13998,10012,67243,8632,37971,43766,157612,90370,3985,0,1190,956,3256,1711,2900,2667,7346
6/9/2021,5,3469,877,4136,4435,12917,9448,39400,4257,31406,40123,115187,75787,3469,0,877,772,3364,1547,2888,2319,7129
6/10/2021,0,2957,523,5607,2787,11873,8916,36868,1785,30400,12793,81847,44978,2957,0,523,1157,4450,1038,1748,2196,6721
6/11/2021,0,2889,267,5255,3594,12005,9116,38254,2647,34298,26076,101275,63021,2889,0,267,1136,4119,1101,2493,2237,6879
6/12/2021,5,7517,2050,11042,5022,25631,18114,99058,7940,61970,24611,193578,94520,7517,0,2050,2181,8861,1398,3624,3579,14535
6/13/2021,5,8824,2024,13517,5139,29504,20680,129599,6568,77236,25854,239257,109658,8824,0,2024,2686,10831,2242,2898,4928,15753
6/14/2021,5,8251,1596,15989,7420,33257,25006,123375,8062,95302,49977,276716,153341,8251,0,1596,2756,13233,3524,3897,6280,18726
6/15/2021,5,9561,2486,33054,11321,56422,46861,199155,9143,213745,79671,501714,302559,9561,35,2451,6797,26257,4313,7008,11145,35716
6/16/2021,5,9628,2189,19034,8080,38931,29303,184515,5922,126187,70051,386675,202159,9628,16,2172,3494,15540,2635,5445,6146,23157
6/17/2021,5,8814,972,8855,5876,24517,15703,145860,2640,49085,45148,242733,96873,8814,148,824,2095,6760,1741,4135,3984,11719
6/18/2021,5,7872,1405,7748,6576,23601,15729,112062,3814,42756,54056,212688,100626,7872,49,1355,1627,6121,1810,4767,3486,12243
6/19/2021,5,3985,785,4058,4507,13335,9350,54086,2693,18386,54259,129425,75339,3985,0,785,759,3300,1667,2840,2426,6924
6/20/2021,5,3982,597,5130,5558,15266,11284,60255,766,26852,59550,147423,87168,3982,0,597,1119,4011,2000,3558,3118,8166
6/21/2021,0,1992,3,1759,2401,6155,4163,15352,0,10139,21554,47045,31693,1992,0,3,496,1263,965,1437,1461,2702
6/22/2021,0,1993,0,2096,3270,7360,5366,15891,0,5149,28421,49462,33570,1993,0,0,448,1648,1001,2269,1449,3917
6/23/2021,0,1789,0,2857,3681,8326,6537,12892,0,9484,24503,46879,33987,1789,0,0,617,2239,1514,2166,2131,4406
6/24/2021,0,2841,0,3644,4951,11436,8595,31351,0,14289,22847,68487,37136,2841,0,0,788,2856,1333,3619,2121,6475
6/25/2021,0,3024,0,3802,4454,11279,8256,24322,0,14865,18219,57406,33084,3024,0,0,815,2987,1200,3254,2015,6241
6/26/2021,0,3859,0,4135,8064,16057,12198,34042,0,18600,39323,91964,57922,3859,0,0,847,3287,4200,3864,5047,7151
6/27/2021,0,3377,0,3144,3740,10260,6883,34849,0,18660,25851,79360,44511,3377,0,0,612,2532,2192,1548,2804,4079
6/28/2021,0,1964,0,2759,4321,9044,7080,20564,0,12320,34287,67171,46607,1964,0,0,560,2199,3130,1191,3690,3390
6/29/2021,0,1931,0,3102,4665,9698,7767,23117,0,13219,30899,67235,44118,1931,0,0,690,2411,3557,1109,4247,3520
6/30/2021,0,1855,0,2084,4062,8001,6145,14147,0,8880,34759,57787,43640,1855,0,0,503,1581,2936,1125,3439,2706
4/1/2020,2,7970,886,714,768,10339,2369,64894,7336,7224,10027,89482,24587,7970,266,621,286,428,538,231,1089,1279
4/2/2020,2,7970,886,506,971,10333,2363,82462,11861,6372,15352,116047,33585,7970,266,620,203,304,680,291,1148,1215
4/3/2020,2,7970,890,305,1082,10247,2277,68245,18981,5360,14386,106971,38726,7970,267,623,122,183,757,325,1146,1130
4/4/2020,2,7970,890,728,1801,11388,3418,114690,23695,9492,16468,164345,49655,7970,267,623,291,437,1261,540,1819,1600
4/5/2020,2,7970,2722,1707,2068,14466,6496,86309,29286,23952,27958,167506,81197,7970,817,1905,683,1024,1447,620,2947,3550
4/6/2020,2,7970,3029,3029,2099,16127,8157,118936,51133,45212,24284,239566,120630,7970,909,2120,1212,1817,1469,630,3590,4567
4/7/2020,2,7970,3937,4459,2304,18671,10701,93994,79140,76455,31367,280957,186962,7970,1181,2756,1784,2676,1613,691,4578,6123
4/8/2020,2,7970,2546,3921,1408,15846,7876,114211,40028,55710,20914,230862,116651,7970,764,1782,1569,2353,986,422,3318,4557
4/9/2020,2,7970,2550,3824,1590,15935,7965,87349,35160,46250,16682,185441,98092,7970,765,1785,1530,2295,1113,477,3408,4557
4/10/2020,2,7970,2543,3573,1823,15909,7939,83334,32942,32803,18366,167445,84112,7970,763,1780,1429,2144,1276,547,3468,4471
4/11/2020,0,7970,997,1669,1399,12035,4065,60427,6951,18236,11868,97482,37055,7970,299,698,668,1001,979,420,1946,2119
4/12/2020,0,7970,995,2050,1718,12733,4763,83219,8241,18332,16065,125858,42639,7970,298,696,820,1230,1203,516,2321,2442
4/13/2020,0,7970,997,1965,1520,12452,4482,75224,4438,31192,19579,130433,55208,7970,299,698,786,1179,1064,456,2149,2333
4/14/2020,4,7970,5455,4734,2087,20245,12275,68960,40105,45008,11995,166067,97107,7970,1636,3818,1894,2841,1461,626,4991,7285
4/15/2020,4,7970,7143,6146,3131,24391,16421,85198,57996,62041,29915,235150,149952,7970,2143,5000,2458,3688,2192,939,6793,9627
4/16/2020,4,7970,7462,4677,3342,23451,15481,131447,98081,76450,38168,344147,212699,7970,2238,5223,1871,2806,2340,1003,6449,9032
4/17/2020,4,7970,5568,4424,2342,20304,12334,110028,51641,64739,27774,254182,144154,7970,1670,3898,1770,2654,1640,703,5080,7255
4/18/2020,4,7970,1584,1387,1796,12737,4767,116339,13553,19527,18717,168136,51797,7970,475,1109,555,832,1257,539,2287,2480
4/19/2020,4,7970,1574,536,1597,11677,3707,126136,14169,8370,28572,177247,51112,7970,472,1102,214,322,1118,479,1805,1903
4/20/2020,0,7970,1570,937,1193,11670,3700,75762,4292,12789,11147,103990,28228,7970,471,1099,375,562,835,358,1681,2019
4/21/2020,0,7970,1572,1136,1276,11953,3983,72694,8394,10515,14099,105701,33007,7970,472,1100,454,682,893,383,1819,2165
4/22/2020,0,7970,1585,1127,1609,12292,4322,53169,11820,10915,18124,94028,40858,7970,476,1110,451,676,1127,483,2053,2269
4/23/2020,0,7970,1577,1137,1370,12055,4085,69094,16120,10537,8989,104740,35646,7970,473,1104,455,682,959,411,1887,2198
4/24/2020,0,7970,1577,1120,1139,11806,3836,56553,17706,6222,9818,90298,33745,7970,473,1104,448,672,797,342,1718,2118
4/25/2020,3,7970,3050,1134,1702,13856,5886,73248,28769,12246,19290,133553,60305,7970,915,2135,454,680,1191,511,2560,3326
4/26/2020,3,7970,3050,1492,2083,14595,6625,86646,35412,16250,16312,154619,67974,7970,915,2135,597,895,1458,625,2970,3655
4/27/2020,3,7970,2465,1684,1978,14097,6127,80173,21439,26875,12687,141174,61001,7970,739,1725,674,1010,1385,593,2798,3329
4/28/2020,3,7970,4068,1553,1928,15519,7549,97838,28945,27321,18162,172266,74428,7970,1220,2848,621,932,1349,578,3191,4358
4/29/2020,3,7970,2385,1607,1316,13278,5308,79428,18499,17649,21330,136907,57479,7970,715,1669,643,964,921,395,2279,3028
4/30/2020,3,7970,2181,1584,1343,13078,5108,89079,13149,20555,16721,139504,50425,7970,654,1526,634,950,940,403,2228,2880
5/1/2020,4,7970,3668,1957,1970,15565,7595,109025,31735,15669,19706,176135,67110,7970,917,2751,783,1174,1379,591,3079,4516
5/2/2020,4,7970,3656,1663,2292,15582,7612,123696,34777,25011,30578,214063,90367,7970,914,2742,665,998,1605,688,3184,4428
5/3/2020,4,7970,5495,1268,2349,17082,9112,153166,68700,23564,24060,269491,116325,7970,1374,4121,507,761,1645,705,3526,5587
5/4/2020,4,7970,5999,3741,2628,20338,12368,228832,86889,51691,43908,411320,182488,7970,1500,4499,1496,2244,1840,788,4836,7532
5/5/2020,4,7970,4687,5266,3025,20948,12978,257770,49313,54088,55874,417046,159275,7970,1172,3515,2106,3160,2118,908,5396,7582
5/6/2020,4,7970,2185,3277,2015,15447,7477,105005,21636,26985,26677,180304,75299,7970,546,1639,1311,1966,1410,604,3267,4209
5/7/2020,4,7970,2183,3449,1543,15145,7175,110174,16331,28673,23191,178369,68195,7970,546,1637,1380,2069,1080,463,3005,4169
5/8/2020,0,7970,1565,2320,1081,12937,4967,81965,7789,18277,14193,122224,40259,7970,391,1174,928,1392,757,324,2076,2891
5/9/2020,0,7970,1567,1617,1044,12199,4229,91830,7011,14110,12668,125619,33789,7970,392,1175,647,970,731,313,1770,2459
5/10/2020,0,7970,1565,1214,1090,11839,3869,91272,9700,9053,15568,125592,34320,7970,391,1174,486,728,763,327,1640,2229
5/11/2020,0,7970,1574,989,1017,11551,3581,80316,13451,10152,19318,123236,42920,7970,394,1181,396,593,712,305,1501,2079
5/12/2020,0,7970,1569,1182,1073,11793,3823,90706,14815,12117,13765,131403,40697,7970,392,1176,473,709,751,322,1616,2207
5/13/2020,1,7970,1572,1362,1156,12061,4091,93281,8009,10327,17528,129145,35864,7970,393,1179,545,817,809,347,1747,2343
5/14/2020,1,7970,1572,1236,1166,11944,3974,62309,9728,11325,17728,101090,38781,7970,393,1179,495,742,816,350,1703,2271
5/15/2020,4,7970,3615,2691,1243,15519,7549,90025,25518,21267,12966,149776,59751,7970,904,2711,1077,1615,870,373,2851,4699
5/16/2020,4,7970,6027,6167,1644,21808,13838,124806,47814,40464,19119,232204,107398,7970,1507,4520,2467,3700,1150,493,5124,8714
5/17/2020,4,7970,7263,6873,2164,24270,16300,196785,69057,69808,31484,367134,170349,7970,1816,5447,2749,4124,1515,649,6080,10220
5/18/2020,4,7970,4233,1873,1560,15636,7666,170286,38430,23386,31659,263762,93476,7970,1058,3175,749,1124,1092,468,2899,4766
5/19/2020,4,7970,1883,1511,1423,12787,4817,104665,14244,10775,18664,148349,43684,7970,471,1412,604,907,996,427,2071,2746
5/20/2020,4,7970,1466,517,1130,11083,3113,110759,11953,5714,13731,142157,31397,7970,366,1099,207,310,791,339,1365,1749
5/21/2020,0,7970,680,761,1037,10448,2478,65902,3268,5481,14903,89553,23652,7970,170,510,304,457,726,311,1200,1278
5/22/2020,0,7970,395,1118,921,10404,2434,69683,4080,11846,13851,99460,29777,7970,99,296,447,671,645,276,1191,1243
5/23/2020,0,7970,399,1309,1291,10969,2999,90544,1903,15375,15035,122857,32313,7970,100,299,524,785,903,387,1527,1472
5/24/2020,0,7970,422,1810,1659,11861,3891,99680,5410,12278,19387,136755,37075,7970,106,317,724,1086,1161,498,1991,1900
5/25/2020,5,7970,7099,6160,2081,23311,15341,81838,31793,37646,14044,165322,83484,7970,1775,5324,2464,3696,1457,624,5696,9645
5/26/2020,5,7970,7033,4965,2967,22935,14965,72589,41644,34081,14317,162631,90042,7970,1758,5275,1986,2979,2077,890,5821,9144
5/27/2020,5,7970,4942,3443,2693,19048,11078,76842,39190,26396,20399,162827,85985,7970,1235,3706,1377,2066,1885,808,4498,6580
5/28/2020,5,7970,6147,4921,2706,21744,13774,76008,37281,22848,22828,158965,82957,7970,1537,4610,1968,2952,1895,812,5399,8374
5/29/2020,5,7970,6958,9405,4426,28759,20789,91166,46608,33194,22804,193773,102607,7970,1739,5218,3762,5643,3098,1328,8600,12189
5/30/2020,5,7970,13221,16621,6449,44261,36291,136368,77268,76814,32408,322858,186490,7970,3305,9916,6648,9973,4514,1935,14468,21823
5/31/2020,5,7970,19733,24467,9654,61824,53854,220884,121402,165047,70082,577414,356530,7970,4933,14800,9787,14680,6758,2896,21478,32376
6/1/2020,5,7970,2384,9002,7425,26781,18811,223926,9804,58697,58624,351051,127124,7970,715,1669,3601,5401,5198,2228,9514,9297
6/2/2020,5,7970,1563,2703,3010,15246,7276,138031,7800,13867,28470,188167,50137,7970,469,1094,1081,1622,2107,903,3657,3619
6/3/2020,5,7970,12,2870,2998,13849,5879,120640,0,25284,35620,181544,60904,7970,3,8,1148,1722,2098,899,3250,2629
6/4/2020,5,7970,0,955,1898,10823,2853,67134,0,11484,15616,94233,27100,7970,0,0,382,573,1328,569,1710,1142
6/5/2020,5,7970,0,622,1469,10061,2091,74982,0,6221,12657,93861,18879,7970,0,0,249,373,1028,441,1277,814
6/6/2020,5,7970,0,1314,1419,10704,2734,120125,0,21324,26390,167839,47714,7970,0,0,526,789,994,426,1519,1214
6/7/2020,5,7970,0,1212,1458,10640,2670,127063,0,14577,27626,169266,42203,7970,0,0,485,727,1021,437,1506,1165
6/8/2020,5,7970,3,996,1116,10086,2116,72674,0,10640,14297,97611,24937,7970,1,2,398,598,781,335,1181,935
6/9/2020,5,7970,245,3092,1846,13153,5183,70840,876,28908,23664,124288,53448,7970,74,172,1237,1855,1292,554,2603,2581
6/10/2020,5,7970,309,2638,2618,13534,5564,88707,1176,25538,20275,135697,46990,7970,93,216,1055,1583,1832,785,2980,2584
6/11/2020,5,7970,0,2912,2816,13699,5729,81776,0,28653,17664,128093,46317,7970,0,0,1165,1747,1971,845,3136,2592
6/12/2020,5,7970,,4433,3332,15735,7765,75500,,35054,21615,132168,56668,7970,0,0,1773,2660,2332,1000,4106,3660
6/13/2020,5,7970,3900,7451,5616,24937,16967,119022,22287,49717,33803,224829,105807,7970,1170,2730,2980,4470,3931,1685,8082,8885
6/14/2020,5,7970,6501,8101,6212,28783,20813,127326,41734,50459,31377,250896,123570,7970,1950,4551,3240,4860,4348,1864,9539,11274
6/15/2020,5,7970,12266,14642,10248,45127,37157,209342,88083,100305,59353,457083,247742,7970,3680,8586,5857,8785,7174,3075,16711,20446
6/16/2020,5,7970,2788,9530,4789,25078,17108,249330,18185,82227,65453,415194,165864,7970,837,1952,3812,5718,3353,1437,8001,9107
6/17/2020,5,7970,1791,4530,3751,18043,10073,196690,13266,38667,56878,305501,108810,7970,537,1254,1812,2718,2626,1125,4975,5097
6/18/2020,5,7970,1035,5101,7533,21639,13669,218662,9830,39538,64863,332892,114231,7970,311,725,2040,3061,5273,2260,7624,6045
6/19/2020,5,7970,3,1205,2961,12138,4168,91680,308,10214,28811,131012,39332,7970,1,2,482,723,2073,888,2555,1613
6/20/2020,5,7970,481,1214,2248,11914,3944,112587,2576,11338,25163,151664,39077,7970,144,337,486,728,1574,674,2204,1740
6/21/2020,0,7970,0,212,698,8880,910,50871,0,937,4064,55872,5002,7970,0,0,85,127,488,209,573,336
6/22/2020,0,7970,,175,589,8733,763,38195,,747,6545,45487,7293,7970,0,0,70,105,412,177,482,281
6/23/2020,0,7970,,512,889,9371,1401,37495,,3017,7467,47979,10484,7970,0,0,205,307,622,267,827,574
6/24/2020,0,7970,,1076,1310,10356,2386,35622,,5041,6321,46984,11361,7970,0,0,430,645,917,393,1348,1039
6/25/2020,0,7970,,1084,1470,10524,2554,51717,,1526,8563,61806,10089,7970,0,0,434,650,1029,441,1463,1091
6/26/2020,0,7970,,1138,1622,10730,2760,47033,,4270,10268,61571,14538,7970,0,0,455,683,1135,487,1591,1170
6/27/2020,0,7970,,1457,1811,11238,3268,48330,,8026,7705,64061,15731,7970,0,0,583,874,1268,543,1851,1417
6/28/2020,2,7970,,941,1573,10484,2514,58356,,6923,13956,79235,20879,7970,0,0,376,564,1101,472,1478,1036
6/29/2020,2,7970,,1061,1303,10334,2364,44457,,8155,9970,62582,18125,7970,0,0,424,636,912,391,1337,1027
6/30/2020,2,7970,,1427,1466,10863,2893,52098,,6867,12502,71468,19369,7970,0,0,571,856,1026,440,1597,1296
4/1/2019,0,5659,1499,,3251,10409,4750,44547,4218,,22988,71753,27206,5659,825,675,0,0,2763,488,3588,1162
4/2/2019,0,5659,1350,,3750,10759,5100,43108,3749,,21011,67868,24760,5659,742,607,0,0,3188,563,3930,1170
4/3/2019,0,5659,1194,,3769,10622,4963,50090,2548,,29745,82383,32293,5659,657,537,0,0,3203,565,3860,1103
4/4/2019,0,5659,1308,,3775,10742,5083,66269,12105,,23421,101795,35526,5659,720,589,0,0,3209,566,3928,1155
4/5/2019,0,5659,1450,,4005,11114,5455,72075,7075,,29192,108342,36267,5659,797,652,0,0,3404,601,4202,1253
4/6/2019,0,5659,0,,2463,8122,2463,79670,0,,29419,109089,29419,5659,0,0,0,0,2094,369,2094,369
4/7/2019,3,5659,418,,4891,10967,5308,3189,2617,,88092,93898,90709,5659,230,188,0,0,4157,734,4387,922
4/8/2019,3,5659,6201,,2931,14791,9132,59623,37075,,55530,152228,92605,5659,3411,2791,0,0,2491,440,5902,3230
4/9/2019,3,5659,8467,,4847,18974,13315,82274,46617,,42702,171593,89319,5659,4657,3810,0,0,4120,727,8777,4537
4/10/2019,3,5659,6385,,4994,17038,11379,88855,36926,,41374,167156,78300,5659,3512,2873,0,0,4245,749,7757,3622
4/11/2019,3,5659,4284,,4135,14078,8419,56437,23094,,40242,119774,63336,5659,2356,1928,0,0,3515,620,5871,2548
4/12/2019,3,5659,3610,,3195,12463,6804,48409,16701,,24818,89928,41519,5659,1985,1624,0,0,2716,479,4701,2104
4/13/2019,3,5659,3526,,5259,14444,8785,11253,15861,,60730,87843,76590,5659,1939,1587,0,0,4470,789,6409,2376
4/14/2019,0,5659,3733,,3628,13020,7361,11923,21118,,51867,84908,72985,5659,2053,1680,0,0,3084,544,5137,2224
4/15/2019,0,5659,2437,,1969,10065,4406,56073,15514,,28961,100548,44475,5659,1341,1097,0,0,1673,295,3014,1392
4/16/2019,0,5659,6034,,2913,14607,8948,50546,25530,,18793,94868,44322,5659,3319,2715,0,0,2476,437,5795,3152
4/17/2019,4,5659,5177,,3715,14550,8891,63918,35918,,31162,130997,67080,5659,2847,2330,0,0,3157,557,6005,2887
4/18/2019,4,5659,6963,,4844,17466,11807,76974,46799,,37859,161633,84658,5659,3830,3133,0,0,4117,727,7947,3860
4/19/2019,4,5659,6324,,3301,15285,9626,76749,23912,,46993,147655,70906,5659,3478,2846,0,0,2806,495,6285,3341
4/20/2019,4,5659,4781,,4755,15195,9536,89096,22521,,42187,153805,64709,5659,2630,2152,0,0,4042,713,6671,2865
4/21/2019,4,5659,2262,,4417,12339,6680,92348,7265,,51633,151246,58898,5659,1244,1018,0,0,3755,663,4999,1681
4/22/2019,0,5659,1803,,2759,10221,4562,62984,5126,,28568,96678,33694,5659,992,811,0,0,2346,414,3337,1225
4/23/2019,3,5659,5089,,2416,13164,7505,48523,23097,,17719,89339,40816,5659,2799,2290,0,0,2054,362,4853,2653
4/24/2019,3,5659,6217,,3291,15167,9508,51058,30686,,30766,112510,61452,5659,3419,2797,0,0,2797,494,6216,3291
4/25/2019,3,5659,6025,,3492,15177,9518,71138,43691,,36481,151310,80172,5659,3314,2711,0,0,2969,524,6282,3235
4/26/2019,3,5659,4735,,2974,13367,7708,58897,31940,,37216,128053,69156,5659,2604,2131,0,0,2528,446,5132,2577
4/27/2019,3,5659,6082,,3991,15732,10073,86606,34880,,40024,161510,74904,5659,3345,2737,0,0,3392,599,6737,3336
4/28/2019,3,5659,5638,,2941,14238,8579,70632,30444,,30801,131877,61245,5659,3101,2537,0,0,2499,441,5601,2978
4/29/2019,0,5659,2389,,2463,10511,4852,55967,6510,,17635,80112,24145,5659,1314,1075,0,0,2093,369,3408,1445
4/30/2019,3,5659,6362,,2559,14580,8921,40548,16194,,11153,67895,27347,5659,3499,2863,0,0,2175,384,5674,3247
5/1/2019,0,5659,6576,,3544,15779,10120,63679,23089,,25021,111789,48110,5659,2959,3617,0,0,3012,532,5971,4149
5/2/2019,4,5659,6575,,4246,16479,10820,65839,33515,,37128,136482,70643,5659,2959,3616,0,0,3609,637,6568,4253
5/3/2019,4,5659,6752,,3786,16197,10538,89034,44002,,39570,172605,83571,5659,3039,3714,0,0,3218,568,6256,4282
5/4/2019,4,5659,6583,,2998,15240,9581,102891,52347,,49094,204332,101441,5659,2962,3621,0,0,2548,450,5510,4070
5/5/2019,4,5659,6911,,2453,15023,9364,107802,39295,,45776,192873,85071,5659,3110,3801,0,0,2085,368,5195,4169
5/6/2019,4,5659,4132,,2018,11809,6150,66425,21593,,31637,119655,53230,5659,1859,2273,0,0,1716,303,3575,2575
5/7/2019,4,5659,1546,,1687,8892,3233,55972,4993,,19032,79997,24025,5659,696,850,0,0,1434,253,2130,1103
5/8/2019,0,5659,1327,,1423,8409,2750,54947,3086,,20547,78580,23633,5659,597,730,0,0,1209,213,1807,944
5/9/2019,0,5659,1399,,1469,8527,2868,72152,3632,,23593,99377,27225,5659,630,770,0,0,1249,220,1878,990
5/10/2019,0,5659,1387,,1424,8470,2811,49057,2573,,31745,83375,34318,5659,624,763,0,0,1211,214,1835,976
5/11/2019,0,5659,1091,,2116,8866,3207,56751,4304,,27740,88795,32044,5659,491,600,0,0,1799,317,2290,918
5/12/2019,1,5659,829,,2126,8614,2955,81297,4481,,23495,109273,27976,5659,373,456,0,0,1808,319,2180,775
5/13/2019,1,5659,730,,2162,8551,2892,75823,6321,,27186,109330,33507,5659,329,402,0,0,1837,324,2166,726
5/14/2019,1,5659,698,0,2196,8552,2893,50415,7533,0,21591,79539,29124,5659,314,384,0,0,1866,329,2180,713
5/15/2019,4,5659,626,0,2202,8487,2828,48415,8363,0,29062,85840,37425,5659,282,344,0,0,1872,330,2153,675
5/16/2019,4,5659,9425,0,3889,18974,13315,71487,59555,0,37521,168563,97076,5659,4241,5184,0,0,3306,583,7547,5767
5/17/2019,4,5659,9188,0,4086,18932,13273,103155,46870,0,32751,182776,79621,5659,4134,5053,0,0,3473,613,7607,5666
5/18/2019,4,5659,5941,0,5287,16887,11228,134976,34063,0,66541,235580,100604,5659,2673,3268,0,0,4494,793,7167,4061
5/19/2019,4,5659,5120,0,3710,14489,8830,125466,28273,0,52466,206205,80739,5659,2304,2816,0,0,3154,557,5457,3372
5/20/2019,4,5659,3568,0,2734,11961,6302,98381,13835,0,52983,165199,66818,5659,1606,1962,0,0,2324,410,3929,2372
5/21/2019,0,5659,1433,0,2302,9394,3735,63064,5964,0,33551,102580,39515,5659,645,788,0,0,1957,345,2601,1133
5/22/2019,0,5659,1270,0,2577,9506,3847,58078,2771,0,26521,87370,29292,5659,571,698,0,0,2191,387,2762,1085
5/23/2019,0,5659,4030,0,2615,12304,6645,63373,4382,0,31490,99245,35872,5659,1814,2217,0,0,2223,392,4037,2609
5/24/2019,0,5659,4266,0,3169,13094,7435,58818,5894,0,32826,97538,38720,5659,1920,2346,0,0,2694,475,4613,2822
5/25/2019,0,5659,6985,0,4995,17639,11980,92656,5989,0,38380,137026,44369,5659,3143,3842,0,0,4246,749,7389,4591
5/26/2019,0,5659,7341,0,2705,15706,10047,95029,19928,0,30548,145505,50476,5659,3304,4038,0,0,2300,406,5603,4443
5/27/2019,5,5659,7995,0,5301,18955,13296,124977,29597,0,44389,198963,73986,5659,3598,4397,0,0,4506,795,8103,5192
5/28/2019,5,5659,6583,0,5235,17478,11819,110195,28047,0,41372,179614,69419,5659,2963,3621,0,0,4450,785,7412,4406
5/29/2019,5,5659,47948,185,8525,62316,56657,96815,174719,339,67079,338952,242137,5659,21577,26371,111,74,7246,1279,28933,27724
5/30/2019,5,5659,52448,225,11517,69850,64191,113371,174209,2174,75286,365040,251669,5659,23602,28846,135,90,9790,1728,33527,30664
5/31/2019,5,5659,72738,345,16100,94842,89183,188483,254153,10103,95118,547858,359375,5659,32732,40006,207,138,13685,2415,46624,42559
6/1/2019,5,5659,21570,596,8749,36574,30915,285289,111818,9006,125851,531964,246675,5659,8628,12942,357,238,7437,1312,16422,14493
6/2/2019,5,5659,17468,553,6427,30106,24447,209276,64742,3962,103367,381348,172072,5659,6987,10481,332,221,5463,964,12781,11666
6/3/2019,0,5659,5145,579,5162,16545,10886,53221,18946,199,34270,106636,53415,5659,2058,3087,347,232,4388,774,6793,4093
6/4/2019,0,5659,985,494,5377,12514,6855,71218,13306,2911,52712,140147,68929,5659,394,591,296,198,4570,806,5260,1595
6/5/2019,0,5659,2333,500,5651,14143,8484,98194,28221,5502,55924,187841,89647,5659,933,1400,300,200,4803,848,6036,2448
6/6/2019,5,5659,8430,500,6317,20907,15248,111813,46096,1919,74538,234365,122553,5659,3372,5058,300,200,5370,948,9042,6206
6/7/2019,5,5659,8872,392,6915,21838,16179,131401,57611,4482,76992,270485,139084,5659,3549,5323,235,157,5878,1037,9661,6517
6/8/2019,0,5659,4115,392,6027,16194,10535,75110,21673,797,53155,150734,75625,5659,1646,2469,235,157,5123,904,7005,3530
6/9/2019,0,5659,4527,390,4959,15535,9876,109152,28276,1161,51619,190208,81056,5659,1811,2716,234,156,4215,744,6260,3616
6/10/2019,0,5659,4283,400,4137,14479,8820,75810,38824,225,45006,159865,84055,5659,1713,2570,240,160,3516,621,5469,3350
6/11/2019,0,5659,8161,328,5418,19567,13908,86927,47581,1303,50940,186751,99824,5659,3265,4897,197,131,4606,813,8067,5841
6/12/2019,0,5659,8239,298,6829,21025,15366,85167,50958,1388,65478,202991,117824,5659,3296,4944,179,119,5805,1024,9279,6087
6/13/2019,5,5659,7952,263,9969,23843,18184,102637,54965,688,64401,222691,120054,5659,3181,4771,158,105,8474,1495,11812,6372
6/14/2019,5,5659,23392,303,13030,42384,36725,110946,113625,6245,64459,295276,184330,5659,9357,14035,182,121,11076,1955,20614,16111
6/15/2019,5,5659,40786,385,30473,77304,71645,315104,193772,19722,168621,697219,382115,5659,16314,24472,231,154,25902,4571,42448,29197
6/16/2019,5,5659,21504,436,28525,56124,50465,279251,71613,8755,174003,533622,254371,5659,8602,12902,262,174,24246,4279,33110,17356
6/17/2019,5,5659,17406,286,14834,38185,32526,173485,51459,2657,114238,341838,168354,5659,6962,10443,171,114,12609,2225,19743,12783
6/18/2019,5,5659,7702,300,11153,24814,19155,213539,32456,5648,108023,359667,146128,5659,3081,4621,180,120,9480,1673,12741,6414
6/19/2019,0,5659,647,291,1928,8525,2866,43760,4050,1232,20920,69962,26202,5659,259,388,174,116,1639,289,2072,794
6/20/2019,0,5659,703,300,1892,8554,2895,50103,5677,1076,23467,80323,30220,5659,281,422,180,120,1608,284,2069,826
6/21/2019,0,5659,784,300,1721,8463,2804,35999,4072,813,15330,56214,20215,5659,313,470,180,120,1463,258,1956,848
6/22/2019,0,5659,784,300,1893,8636,2977,60497,3960,189,20118,84764,24267,5659,314,470,180,120,1609,284,2103,874
6/23/2019,2,5659,2164,300,2084,10207,4548,58117,11840,1213,24703,95872,37756,5659,866,1298,180,120,1772,313,2817,1731
6/24/2019,2,5659,2149,300,2070,10177,4518,50699,11892,2487,22722,87801,37101,5659,859,1289,180,120,1759,310,2799,1720
6/25/2019,2,5659,2105,300,2117,10181,4522,47145,8005,1710,20285,77145,30000,5659,842,1263,180,120,1800,318,2822,1700
6/26/2019,2,5659,2131,171,2143,10103,4444,50870,11364,1222,20285,83741,32871,5659,852,1278,102,68,1821,321,2776,1668
6/27/2019,2,5659,2049,298,2047,10053,4394,39139,10654,2126,25715,77634,38495,5659,820,1230,179,119,1740,307,2738,1656
6/28/2019,2,5659,1702,300,2059,9720,4061,38359,9973,2563,22867,73762,35403,5659,681,1021,180,120,1750,309,2611,1450
6/29/2019,2,5659,1547,300,2263,9769,4110,66514,11648,862,30041,109065,42551,5659,619,928,180,120,1924,339,2722,1387
6/30/2019,0,5659,1394,300,2560,9913,4254,51207,6220,702,26748,84877,33670,5659,558,837,180,120,2176,384,2914,1341
